{"optimizer": "Adagrad", "loss": [3.795670747756958, 3.7419166564941406, 3.587664842605591, 3.7494804859161377, 3.078751802444458, 3.14851713180542, 3.3114261627197266, 3.306241989135742, 3.6693062782287598, 3.5448620319366455, 3.5143444538116455, 3.322251081466675, 3.3719074726104736, 3.0848569869995117, 2.1841540336608887, 3.0870399475097656, 2.7271041870117188, 2.7676138877868652, 2.9966869354248047, 3.1971993446350098, 3.093776226043701, 2.4046549797058105, 3.0785603523254395, 2.5163416862487793, 1.129124402999878, 3.3935439586639404, 2.4069604873657227, 2.9236133098602295, 2.4268271923065186, 2.891465663909912, 2.622755527496338, 2.8803272247314453, 3.044508218765259, 2.172213077545166, 2.1429951190948486, 2.6174871921539307, 2.1537113189697266, 1.8094927072525024, 3.097285270690918, 3.2816154956817627, 2.572974443435669, 2.3685882091522217, 2.5358123779296875, 2.5367770195007324, 2.8738675117492676, 2.2420406341552734, 2.9272749423980713, 1.8246170282363892, 2.6627197265625, 1.5922595262527466], "runtime": 176.15778064727783}