{"optimizer": "Adamax", "loss": [2.431581974029541, 0.6687426567077637, 0.4229976534843445, 0.14682790637016296, 0.03183181583881378, 0.0030146974604576826, 0.01974233239889145, 0.15952342748641968, 0.14990833401679993, 0.0005187776405364275, 8.817261550575495e-05, 2.4795417630230077e-06, 4.076936875208048e-06, 1.4781927575313603e-06, 0.0012707377318292856, 0.0004983011749573052, 9.775144462764729e-07, 9.536741885085576e-08, 6.675709300907329e-07, 0.0, 0.14449456334114075, 2.384185648907078e-08, 4.768370942542788e-08, 6.293262413237244e-05, 0.15832391381263733, 2.384185648907078e-08, 2.2576965420739725e-05, 2.384185648907078e-08, 0.15505696833133698, 2.384185648907078e-08, 0.00026073140907101333, 7.152556946721234e-08, 2.384185648907078e-08, 0.0, 2.384185648907078e-08, 4.768371297814156e-08, 0.000305847788695246, 2.384185648907078e-08, 4.768371297814156e-08, 0.13827039301395416, 0.0, 5.245202032710949e-07, 0.0, 0.0, 0.0, 0.0, 0.0, 2.384185648907078e-08, 0.0, 0.0], "runtime": 214.9001109600067}