{"optimizer": "Adam", "loss": [0.2396256923675537, 0.013074187561869621, 0.00023740073083899915, 0.0008357319748029113, 5.82670108997263e-05, 3.910046416422119e-06, 3.123258920822991e-06, 1.4305112472356996e-07, 3.0994402777650976e-07, 4.67295012640534e-06, 4.768370942542788e-08, 4.768371297814156e-08, 0.0, 0.0, 2.384185648907078e-08, 5.531235274247592e-06, 2.384185648907078e-08, 0.0, 0.0, 9.369632607558742e-06, 0.2396256923675537, 6.437296633521328e-07, 0.0, 0.0, 0.24158880710601807, 2.384185648907078e-08, 0.0, 0.0, 0.0, 4.768371297814156e-08, 0.1918564890707, 0.0, 2.384185648907078e-08, 0.0, 0.2396256923675537, 0.0, 7.152556236178498e-08, 0.0, 0.0, 0.0, 0.0, 2.384185648907078e-08, 0.0, 0.0, 0.0, 0.0, 0.0, 0.0, 0.0, 0.0], "runtime": 210.94824981689453}