{"optimizer": "Nadam", "loss": [0.03520595282316208, 0.0018618665635585785, 0.0024843025021255016, 0.000243891729041934, 0.0008573454688303173, 0.19133122265338898, 0.16368253529071808, 7.867805038586084e-07, 4.768370942542788e-08, 1.4305111051271524e-07, 0.0, 0.0, 0.0, 0.0, 0.0, 4.768371297814156e-08, 0.0, 0.0, 0.0, 0.0, 0.0, 0.0, 0.0, 0.0, 0.0, 4.768371297814156e-08, 0.0, 0.14892223477363586, 0.0, 0.1384190022945404, 2.384185648907078e-08, 0.0, 0.0, 0.0, 0.0, 4.601426098815864e-06, 2.384185648907078e-08, 4.768370942542788e-08, 0.0, 0.0, 0.0, 4.5299481143956655e-07, 0.0, 0.0, 0.0, 0.0, 6.437292086047819e-07, 0.0, 0.0, 0.0], "runtime": 227.1076853275299}