{"optimizer": "RMSprop", "loss": [0.0, 0.14184865355491638, 1.6689293147464923e-07, 0.0, 2.384185648907078e-08, 0.21210269629955292, 0.14160552620887756, 0.0, 7.91534057498211e-06, 0.0, 0.006019176449626684, 1.1920925402364446e-07, 0.0, 5.4305943194776773e-05, 0.0, 1.9844074249267578, 0.0, 5.268981112749316e-06, 0.0, 0.0, 0.0, 0.13985393941402435, 1.4305109630186053e-07, 0.0, 0.0, 0.0, 0.0, 0.0, 0.0, 0.0, 2.622602437440946e-07, 1.3923166079621296e-05, 0.0, 2.527220885895076e-06, 0.0, 0.0, 0.0, 0.0, 0.0, 0.0, 0.0, 0.0, 0.0, 0.0, 0.0, 0.0, 0.0, 0.0, 0.0, 0.0], "runtime": 177.34950304031372}